,MAE,MSE,RMSE,R2,set,modelo
0,491.25169802947255,367469.3705322121,606.1925193634544,0.8297626838963492,test,Random Forest
1,475.99975468142355,392358.7187361101,626.3854394349457,0.8426209722532734,train,Random Forest
0,509.7945205479452,442702.9726027397,665.3592808421174,0.794909257939385,test,Decission Tree I
1,0.0,0.0,0.0,1.0,train,Decission Tree I
0,621.447436307849,623736.5217989862,789.7699170005061,0.7110419535835089,test,Decision tree II
1,504.5664135925099,461827.33828275406,679.5787947565419,0.8147564103585464,train,Decision tree II
0,573.9296537919936,546012.1452816529,738.9263463171773,0.7470492791327837,test,Decision tree III
1,550.6149726754538,534654.4324456711,731.2006786414186,0.7855447305215352,train,Decision tree III
